,audio_annotation_file,start_random_point,search_start_time(s),Direction,No._of_ms_whole_screen,call_start_time,call_end_time,SNR(dB RMS),Silent_period_Start,Silent_period_end,Comments,Unnamed: 11,Unnamed: 1,Unnamed: 12,Unnamed: 13,Unnamed: 14,Unnamed: 15,Unnamed: 16,Unnamed: 17,Unnamed: 18,fm2_start_time,fm2_end_time,fm2_dbrms
0,matching_annotaudio_Aditya_2018-08-20_0300-0400_18,0.71,1.2496,R,55.0,0.466,0.498,30.92,0.513,0.519,,,,,,,,,,,,,
1,matching_annotaudio_Aditya_2018-08-20_0300-0400_19,0.3,0.6,R,60.0,0.619,0.638,30.5,0.596,0.604,,,,,,,,,,,,,
2,matching_annotaudio_Aditya_2018-08-20_0300-0400_25,0.88,0.5984,R,80.0,0.035,0.067,23.88,0.08800000000000001,0.10400000000000001,,,,,,,,,,,,,
3,matching_annotaudio_Aditya_2018-08-20_0300-0400_31,0.79,0.5688,L,45.0,0.04,0.062,21.34,0.03,0.037000000000000005,,,,,,,,,,,,,
4,matching_annotaudio_Aditya_2018-08-20_0300-0400_35,0.24,0.2016,R,55.0,0.267,0.28600000000000003,26.69,0.256,0.263,,,,,,,,,,,,,
6,matching_annotaudio_Aditya_2018-08-20_0300-0400_56,0.24,0.096,L,100.0,0.053,0.10400000000000001,20.52,0.12,0.13,,,,,,,,,,,,,
7,matching_annotaudio_Aditya_2018-08-20_0300-0400_58,0.84,3.6624,L,70.0,3.554,3.5789999999999997,30.58,3.5980000000000003,3.6039999999999996,,,,,,,,,,,,,
8,matching_annotaudio_Aditya_2018-08-20_0300-0400_61,0.56,0.4704,R,45.0,0.354,0.371,20.96,0.38299999999999995,0.392,,,,,,,,,,,,,
14,matching_annotaudio_Aditya_2018-08-20_0300-0400_85,0.08,0.08,R,60.0,0.21,0.23199999999999998,28.88,0.19699999999999998,0.203,,,,,,,,,,,,,
15,matching_annotaudio_Aditya_2018-08-20_0300-0400_90,0.63,0.4032,R,80.0,0.23399999999999999,0.25,32.33,0.28800000000000003,0.297,,,,,,,,,,,,,
16,matching_annotaudio_Aditya_2018-08-20_0300-0400_91,0.66,0.2904,L,55.0,0.157,0.179,26.12,0.258,0.264,,,,,,,,,,,,,
17,matching_annotaudio_Aditya_2018-08-20_0300-0400_92,0.34,0.2312,L,90.0,0.052000000000000005,0.073,22.69,0.10400000000000001,0.111,,,,,,,,,,,,,
20,matching_annotaudio_Aditya_2018-08-16_2324_7,0.49,0.5292,R,60.0,0.789,0.809,39.67,0.7859999999999999,0.789,,,,,,,,,,,,,
23,matching_annotaudio_Aditya_2018-08-16_2324_10,0.86,0.5848,L,45.0,0.023,0.064,23.66,0.077,0.085,,,,,,,,,,,,,
24,matching_annotaudio_Aditya_2018-08-16_2324_14,0.96,0.2688,R,70.0,0.024,0.040999999999999995,22.2,0.087,0.09699999999999999,There is one FM call towards the end. Not sure,,,,,,,,,,,,
25,matching_annotaudio_Aditya_2018-08-16_2324_15,0.19,0.1292,R,40.0,0.02,0.039,29.76,0.054000000000000006,0.06,,,,,,,,,,,,,
26,matching_annotaudio_Aditya_2018-08-16_2324_18,0.28,0.3808,L,45.0,0.044000000000000004,0.067,33.62,0.46,0.46399999999999997,There are echoes of the previous call along with this. NOT SURE. 2 bat situation.,,,,,,,,,,,,
27,matching_annotaudio_Aditya_2018-08-16_2324_20,0.56,0.56,L,60.0,0.322,0.342,40.69,0.857,0.861,,,,,,,,,,,,,
28,matching_annotaudio_Aditya_2018-08-16_2324_22,0.79,4.6768,R,55.0,5.101,5.125,38.55,5.5489999999999995,5.5520000000000005,There are very 1/2 faint myotis calls in between,,,,,,,,,,,,
29,matching_annotaudio_Aditya_2018-08-16_2324_23,0.2,0.56,L,45.0,0.502,0.519,25.95,0.9520000000000001,0.9590000000000001,,,,,,,,,,,,,
31,matching_annotaudio_Aditya_2018-08-16_2324_26,0.68,0.8976,R,40.0,0.129,0.146,32.53,0.445,0.449,,,,,,,,,,,,,
32,matching_annotaudio_Aditya_2018-08-16_2324_28,0.7,0.588,R,55.0,0.54,0.556,29.89,0.086,0.09,,,,,,,,,,,,,
33,matching_annotaudio_Aditya_2018-08-16_2324_29,0.33,0.1056,R,80.0,0.19899999999999998,0.23600000000000002,39.87,0.247,0.258,,,,,,,,,,,,,
34,matching_annotaudio_Aditya_2018-08-16_2324_30,0.09,0.14400000000000002,R,50.0,0.204,0.248,29.06,0.33799999999999997,0.35200000000000004,,,,,,,,,,,,,
35,matching_annotaudio_Aditya_2018-08-16_2324_31,0.33,0.3696,R,70.0,0.623,0.642,41.61,0.878,0.885,,,,,,,,,,,,,
36,matching_annotaudio_Aditya_2018-08-16_2324_54,0.41,1.0988,L,80.0,0.851,877.0,33.01,0.828,0.838,,,,,,,,,,,,,
37,matching_annotaudio_Aditya_2018-08-16_2324_55,0.78,2.2152,L,45.0,1.044,1.0759999999999998,23.36,1.021,1.0290000000000001,,,,,,,,,,,,,
38,matching_annotaudio_Aditya_2018-08-16_2324_56,0.44,1.3024,L,45.0,1.0490000000000002,1.075,27.59,1.035,1.043,,,,,,,,,,,,,
39,matching_annotaudio_Aditya_2018-08-16_2324_59,0.98,1.0192,R,70.0,0.618,0.637,22.03,0.36200000000000004,0.365,,,,,,,,,,,,,
40,matching_annotaudio_Aditya_2018-08-16_2324_61,0.4,0.384,L,55.0,0.341,0.37,31.57,0.33,0.33799999999999997,,,,,,,,,,,,,
41,matching_annotaudio_Aditya_2018-08-16_2324_62,0.96,5.1456,L,80.0,5.001,5.038,31.02,4.973,4.996,There are HSB calls towards the end only. FM calls in the beginning. There is only one bat in the cave,,,,,,,,,,,,
42,matching_annotaudio_Aditya_2018-08-16_2324_68,0.77,0.616,L,50.0,0.23600000000000002,0.267,30.72,0.27899999999999997,0.29,There are echoes.,,,,,,,,,,,,
43,matching_annotaudio_Aditya_2018-08-16_2324_69,0.56,4.6368,L,60.0,4.6160000000000005,4.635,27.57,4.584,4.587,,,,,,,,,,,,,
44,matching_annotaudio_Aditya_2018-08-16_2324_70,0.43,0.5848,R,45.0,1.324,1.345,20.53,1.314,1.319,,,,,,,,,,,,,
46,matching_annotaudio_Aditya_2018-08-16_2324_80,0.48,0.48,L,65.0,0.45399999999999996,0.475,32.55,0.431,0.44799999999999995,,,,,,,,,,,,,
47,matching_annotaudio_Aditya_2018-08-16_2324_85,0.14,0.5096,L,60.0,0.188,0.23600000000000002,33.24,0.251,0.272,,,,,,,,,,,,,
48,matching_annotaudio_Aditya_2018-08-16_2324_88,0.82,3.6736,R,70.0,3.9019999999999997,3.957,40.49,3.8819999999999997,3.9,,,,,,,,,,,,,
50,matching_annotaudio_Aditya_2018-08-16_2324_90,0.92,1.1776,L,80.0,0.627,0.6559999999999999,28.36,0.6729999999999999,0.684,,,,,,,,,,,,,
51,matching_annotaudio_Aditya_2018-08-16_2324_91,0.03,0.0792,R,80.0,0.153,0.17300000000000001,39.65,0.21899999999999997,0.23800000000000002,,,,,,,,,,,,,
52,matching_annotaudio_Aditya_2018-08-16_2324_92,0.2,0.536,R,45.0,0.223,0.24,31.18,2.209,2.222,,,,,,,,,,,,,
53,matching_annotaudio_Aditya_2018-08-16_2324_94,0.35,0.322,R,50.0,0.326,0.34700000000000003,32.65,0.358,0.368,,,,,,,,,,,,,
54,matching_annotaudio_Aditya_2018-08-16_2324_95,0.3,0.12,R,50.0,0.037000000000000005,0.061,28.45,0.142,0.14800000000000002,,,,,,,,,,,,,
55,matching_annotaudio_Aditya_2018-08-16_2324_117,0.54,0.8640000000000001,R,50.0,0.743,0.765,28.53,0.731,0.7390000000000001,,,,,,,,,,,,,
56,matching_annotaudio_Aditya_2018-08-16_2324_128,0.78,0.9048,R,70.0,0.7140000000000001,0.7509999999999999,25.27,0.696,0.713,,,,,,,,,,,,,
57,matching_annotaudio_Aditya_2018-08-16_2324_129,0.76,0.456,R,70.0,0.537,0.56,26.19,0.044000000000000004,0.052000000000000005,,,,,,,,,,,,,
58,matching_annotaudio_Aditya_2018-08-16_2324_130,0.84,2.688,R,50.0,2.722,2.745,20.24,2.7119999999999997,2.721,,,,,,,,,,,,,
60,matching_annotaudio_Aditya_2018-08-16_2324_143,0.27,0.5616,L,60.0,0.493,0.512,28.4,0.485,0.491,,,,,,,,,,,,,
61,matching_annotaudio_Aditya_2018-08-16_2324_148,0.6,0.672,R,60.0,1.002,1.0170000000000001,21.57,0.40700000000000003,0.413,,,,,,,,,,,,,
63,matching_annotaudio_Aditya_2018-08-16_2324_154,0.69,0.552,L,50.0,0.11,0.147,35.13,0.18,0.184,,,,,,,,,,,,,
64,matching_annotaudio_Aditya_2018-08-16_2324_156,0.06,0.0408,R,45.0,0.135,0.16,33.44,0.121,0.132,,,,,,,,,,,,,
65,matching_annotaudio_Aditya_2018-08-16_2324_159,0.54,0.324,R,70.0,0.25,0.27399999999999997,30.98,0.22899999999999998,0.237,,,,,,,,,,,,,
66,matching_annotaudio_Aditya_2018-08-16_2324_165,0.75,1.53,R,60.0,0.88,0.898,20.07,0.8590000000000001,0.867,,,,,,,,,,,,,
67,matching_annotaudio_Aditya_2018-08-16_2324_167,0.85,0.272,R,80.0,0.055,0.086,46.52,0.11800000000000001,0.124,,,,,,,,,,,,,
69,matching_annotaudio_Aditya_2018-08-16_2324_171,0.19,0.19,R,65.0,0.616,0.639,20.52,0.607,0.613,,,,,,,,,,,,,
70,matching_annotaudio_Aditya_2018-08-16_2324_179,0.59,0.354,R,75.0,0.11699999999999999,0.134,27.96,0.14400000000000002,0.154,,,,,,,,,,,,,
71,matching_annotaudio_Aditya_2018-08-16_2324_180,0.37,0.29600000000000004,R,50.0,0.22,0.235,34.21,0.297,0.303,,,,,,,,,,,,,
72,matching_annotaudio_Aditya_2018-08-16_2324_182,0.87,1.1484,R,80.0,0.41600000000000004,0.43799999999999994,20.69,0.474,0.479,,,,,,,,,,,,,
74,matching_annotaudio_Aditya_2018-08-16_2324_184,0.18,0.1224,R,80.0,0.157,0.18100000000000002,43.2,0.149,0.154,,,,,,,,,,,,,
77,matching_annotaudio_Aditya_2018-08-16_2324_192,0.42,0.4536,R,70.0,0.5479999999999999,0.5660000000000001,21.7,0.596,0.598,,,,,,,,,,,,,
79,matching_annotaudio_Aditya_2018-08-16_2324_196,0.25,1.21,L,70.0,0.662,0.6779999999999999,20.75,0.684,0.688,,,,,,,,,,,,,
80,matching_annotaudio_Aditya_2018-08-16_2324_197,0.13,0.052000000000000005,R,50.0,0.145,0.16,36.18,0.136,0.142,,,,,,,,,,,,,
81,matching_annotaudio_Aditya_2018-08-16_2324_198,0.31,0.6944,R,70.0,1.0,1.042,32.5,0.9890000000000001,0.995,,,,,,,,,,,,,
84,matching_annotaudio_Aditya_2018-08-16_2324_202,0.66,2.8512,R,65.0,3.97,3.9930000000000003,27.02,3.9619999999999997,3.969,,,,,,,,,,,,,
85,matching_annotaudio_Aditya_2018-08-16_2324_204,0.87,5.0808,L,45.0,2.103,2.124,29.29,2.14,2.154,,,,,,,,,,,,,
86,matching_annotaudio_Aditya_2018-08-16_2324_207,0.37,0.4144,L,70.0,0.342,0.364,32.94,0.32799999999999996,0.33799999999999997,,,,,,,,,,,,,
87,matching_annotaudio_Aditya_2018-08-16_2324_208,0.7,0.84,L,70.0,0.563,0.585,34.56,0.48200000000000004,0.48700000000000004,,,,,,,,,,,,,
90,matching_annotaudio_Aditya_2018-08-16_2324_211,0.48,0.6912,L,45.0,0.451,0.47700000000000004,33.17,0.43,0.445,,,,,,,,,,,,,
91,matching_annotaudio_Aditya_2018-08-16_2324_212,0.88,1.1616,R,80.0,0.932,0.9790000000000001,32.21,0.9159999999999999,0.929,,,,,,,,,,,,,
92,matching_annotaudio_Aditya_2018-08-16_2324_214,0.87,1.4616,L,50.0,0.057,0.094,32.74,0.10400000000000001,0.114,,,,,,,,,,,,,
93,matching_annotaudio_Aditya_2018-08-16_2324_215,0.28,0.44799999999999995,L,50.0,0.017,0.054000000000000006,32.8,0.077,0.09,,,,,,,,,,,,,
95,matching_annotaudio_Aditya_2018-08-16_2324_218,0.04,0.0256,L,40.0,0.584,0.605,32.54,0.262,0.27,,,,,,,,,,,,,
96,matching_annotaudio_Aditya_2018-08-16_2324_219,0.04,0.0288,R,45.0,0.40399999999999997,0.433,33.31,0.49,0.493,,,,,,,,,,,,,
97,matching_annotaudio_Aditya_2018-08-16_2324_223,0.77,0.7392,R,55.0,0.302,0.326,41.82,0.5710000000000001,0.575,,,,,,,,,,,,,
99,matching_annotaudio_Aditya_2018-08-16_2324_230,0.37,0.5920000000000001,R,50.0,1.245,1.291,28.02,1.489,1.501,,,,,,,,,,,,,
101,matching_annotaudio_Aditya_2018-08-16_2324_234,0.29,0.2668,R,50.0,0.561,0.607,27.97,0.621,0.634,,,,,,,,,,,,,
102,matching_annotaudio_Aditya_2018-08-16_2324_236,0.71,0.8804,R,70.0,0.852,0.877,34.37,0.924,0.937,,,,,,,,,,,,,
103,matching_annotaudio_Aditya_2018-08-16_2324_248,0.97,1.2804,L,45.0,0.889,0.914,32.15,0.879,0.8859999999999999,,,,,,,,,,,,,
106,matching_annotaudio_Aditya_2018-08-16_2324_253,0.77,0.16016,R,70.0,0.002,0.027000000000000003,25.26,0.226,0.233,,,,,,,,,,,,,
107,matching_annotaudio_Aditya_2018-08-16_2324_254,0.51,0.306,R,70.0,0.013999999999999999,0.037000000000000005,24.75,0.16399999999999998,0.168,,,,,,,,,,,,,
108,matching_annotaudio_Aditya_2018-08-16_2324_255,0.74,0.6216,R,50.0,0.413,0.431,33.89,0.272,0.276,,,,,,,,,,,,,
109,matching_annotaudio_Aditya_2018-08-16_2324_256,0.57,0.2508,R,55.0,0.215,0.237,39.1,0.203,0.21100000000000002,,,,,,,,,,,,,
111,matching_annotaudio_Aditya_2018-08-16_2324_258,0.48,0.2112,R,45.0,0.415,0.43700000000000006,40.79,0.371,0.38,Not a very clear call. There is a strong echo of another call. Not sure.,,,,,,,,,,,,
113,matching_annotaudio_Aditya_2018-08-16_2324_260,0.34,0.2584,L,45.0,0.27399999999999997,0.327,34.25,0.348,0.359,,,,,,,,,,,,,
114,matching_annotaudio_Aditya_2018-08-16_2324_277,0.96,0.96,R,60.0,0.302,0.318,41.63,0.28800000000000003,0.292,,,,,,,,,,,,,
115,matching_annotaudio_Aditya_2018-08-16_2324_280,0.41,0.16399999999999998,R,50.0,0.14,0.17,28.85,0.187,0.2,,,,,,,,,,,,,
116,matching_annotaudio_Aditya_2018-08-16_2324_285,0.77,2.3716,L,50.0,2.559,2.5780000000000003,23.06,2.551,2.556,,,,,,,,,,,,,
118,matching_annotaudio_Aditya_2018-08-16_2324_287,0.61,0.244,L,50.0,0.198,0.225,36.33,0.18899999999999997,0.193,,,,,,,,,,,,,
119,matching_annotaudio_Aditya_2018-08-16_2324_288,0.7,7.476,R,45.0,7.8660000000000005,7.882999999999999,21.4,7.851,7.86,,,,,,,,,,,,,
120,matching_annotaudio_Aditya_2018-08-17_34_1,33.0,0.792,R,60.0,2.031,2.05,28.15,2.009,2.027,,,0.33,,,,,,,,,,
121,matching_annotaudio_Aditya_2018-08-17_34_2,76.0,0.6992,L,60.0,0.313,0.32799999999999996,21.53,0.306,0.5821,,,0.76,,,,,,,,,,
124,matching_annotaudio_Aditya_2018-08-17_34_7,52.0,0.6448,R,80.0,1.1540000000000001,1.176,20.56,1.135,1.151,There is some echo present just after the call,,0.52,,,,,,,,,,
125,matching_annotaudio_Aditya_2018-08-17_34_12,74.0,1.6872,R,75.0,0.054000000000000006,0.083,25.69,0.039,0.051,There is some echo present just after the call,,0.74,,,,,,,,,,
126,matching_annotaudio_Aditya_2018-08-17_34_18,59.0,2.0296,L,55.0,3.0639999999999996,3.12,33.38,3.1289999999999996,3.141,,,0.59,,,,,,,,,,
127,matching_annotaudio_Aditya_2018-08-17_34_19,22.0,0.35200000000000004,R,50.0,0.386,0.40399999999999997,20.59,0.371,0.384,,,0.22,,,,,,,,,,
128,matching_annotaudio_Aditya_2018-08-17_34_20,26.0,0.364,R,85.0,0.38299999999999995,0.41200000000000003,24.75,0.369,0.38,,,0.26,,,,,,,,,,
130,matching_annotaudio_Aditya_2018-08-17_34_22,76.0,1.064,R,60.0,0.528,0.5489999999999999,35.05,0.24100000000000002,0.247,,,0.76,,,,,,,,,,
135,matching_annotaudio_Aditya_2018-08-17_34_32,50.0,2.82,L,45.0,0.423,0.447,20.41,0.41200000000000003,0.421,There seems to be a small interference pattern in the downward FM,,0.5,,,,,,,,,,
137,matching_annotaudio_Aditya_2018-08-17_34_35,9.0,0.0576,L,,0.451,0.469,36.7,0.524,0.529,,,0.09,,,,,,,,,,
138,matching_annotaudio_Aditya_2018-08-17_34_36,59.0,2.5252,L,70.0,0.9490000000000001,0.9690000000000001,35.58,0.9359999999999999,0.946,,,0.59,,,,,,,,,,
140,matching_annotaudio_Aditya_2018-08-17_34_39,81.0,0.2268,R,70.0,0.016,0.039,31.37,0.23,0.239,,,0.81,,,,,,,,,,
141,matching_annotaudio_Aditya_2018-08-17_34_40,29.0,0.3625,L,60.0,0.33899999999999997,0.359,31.32,0.318,0.332,,,0.29,,,,,,,,,,
142,matching_annotaudio_Aditya_2018-08-17_34_41,8.0,0.0448,R,60.0,0.302,0.35200000000000004,35.75,0.287,0.301,,,0.08,,,,,,,,,,
143,matching_annotaudio_Aditya_2018-08-17_34_43,55.0,0.924,R,60.0,0.992,1.0170000000000001,35.88,0.779,0.794,,,0.55,,,,,,,,,,
145,matching_annotaudio_Aditya_2018-08-17_34_49,46.0,0.828,L,60.0,0.34299999999999997,0.38299999999999995,41.57,0.322,0.337,,,0.46,,,,,,,,,,
147,matching_annotaudio_Aditya_2018-08-17_34_52,10.0,0.46799999999999997,R,70.0,0.467,0.519,22.28,0.564,0.591,,,0.1,,,,,,,,,,
148,matching_annotaudio_Aditya_2018-08-17_34_53,13.0,0.2652,R,60.0,1.6869999999999998,1.715,26.65,1.68,1.686,The down-FM is faint and there are echoes after the end of CF part,,0.13,,,,,,,,,,
149,matching_annotaudio_Aditya_2018-08-17_34_54,57.0,0.2508,L,55.0,0.013999999999999999,0.054000000000000006,38.99,0.071,0.082,,,0.57,,,,,,,,,,
151,matching_annotaudio_Aditya_2018-08-17_34_56,57.0,2.1204,L,60.0,2.312,2.333,33.0,2.293,2.308,,,0.57,,,,,,,,,,
157,matching_annotaudio_Aditya_2018-08-17_34_64,59.0,0.9728,L,50.0,0.757,0.777,30.84,0.8390000000000001,0.855,,,0.59,,,,,,,,,,
158,matching_annotaudio_Aditya_2018-08-17_34_65,32.0,0.4736,L,45.0,0.08199999999999999,0.107,31.06,0.067,0.081,There is a trail of echoes present after the call ends,,0.32,,,,,,,,,,
161,matching_annotaudio_Aditya_2018-08-17_34_69,64.0,1.5616,R,75.0,2.092,2.1109999999999998,24.0,2.0780000000000003,2.091,,,0.64,,,,,,,,,,
162,matching_annotaudio_Aditya_2018-08-17_34_71,72.0,0.28800000000000003,L,50.0,0.033,0.057999999999999996,27.9,0.067,0.086,There are echoes of the previous call just before the call starts,,0.72,,,,,,,,,,
163,matching_annotaudio_Aditya_2018-08-17_34_72,71.0,0.5396,R,60.0,0.17800000000000002,0.196,22.68,0.34700000000000003,0.355,,,0.71,,,,,,,,,,
165,matching_annotaudio_Aditya_2018-08-17_34_77,51.0,1.3464,R,,2.428,2.461,29.57,2.411,2.428,,,0.51,,,,,,,,,,
166,matching_annotaudio_Aditya_2018-08-17_34_78,73.0,3.2412,L,70.0,0.447,0.484,26.13,0.428,0.444,,,0.73,,,,,,,,,,
167,matching_annotaudio_Aditya_2018-08-17_34_79,69.0,2.7876,L,60.0,1.157,1.1840000000000002,28.62,1.137,1.155,,,0.69,,,,,,,,,,
169,matching_annotaudio_Aditya_2018-08-17_34_81,52.0,0.20800000000000002,L,,0.17300000000000001,0.188,24.21,0.309,0.33,Silent interval from Annotation - 40. Faint echoes before call starts,,0.52,,,,,,,,,,
172,matching_annotaudio_Aditya_2018-08-17_34_111,72.0,1.8719999999999999,R,70.0,1.7990000000000002,1.819,39.46,0.285,0.295,"Since it�s a very intense call, there are echoes.",,0.72,,,,,,,,,,
173,matching_annotaudio_Aditya_2018-08-17_34_120,55.0,0.418,L,50.0,0.251,0.27,29.87,0.23600000000000002,0.245,,,0.55,,,,,,,,,,
176,matching_annotaudio_Aditya_2018-08-17_34_132,24.0,1.3728,L,50.0,0.261,0.294,27.2,0.23800000000000002,0.256,,,0.24,,,,,,,,,,
177,matching_annotaudio_Aditya_2018-08-17_34_133,91.0,5.1688,R,45.0,2.3209999999999997,2.351,20.61,2.295,2.315,,,0.91,,,,,,,,,,
178,matching_annotaudio_Aditya_2018-08-17_34_134,33.0,0.2772,L,55.0,0.223,0.243,36.97,0.214,0.221,,,0.33,,,,,,,,,,
182,matching_annotaudio_Aditya_2018-08-17_34_142,36.0,0.8640000000000001,L,70.0,0.122,0.14800000000000002,20.54,0.152,0.163,,,0.36,,,,,,,,,,
184,matching_annotaudio_Aditya_2018-08-17_34_144,86.0,0.3612,L,50.0,2.568,2.592,37.55,2.5469999999999997,2.562,There are faint myotis calls at the start of the call,,0.86,,,,,,,,,,
185,matching_annotaudio_Aditya_2018-08-17_34_145,15.0,0.102,R,70.0,0.111,0.14,20.49,0.096,0.111,Not extremely confident. There are myotis calls also. Little interference at the start of upward FM,,0.15,,,,,,,,,,
186,matching_annotaudio_Aditya_2018-08-17_34_147,20.0,0.256,L,80.0,0.27399999999999997,0.293,31.9,0.259,0.273,,,0.2,,,,,,,,,,
187,matching_annotaudio_Aditya_2018-08-17_34_149,9.0,0.0684,R,50.0,0.01,0.028999999999999998,23.64,0.12,0.131,,,0.09,,,,,,,,,,
188,matching_annotaudio_Aditya_2018-08-17_34_151,17.0,0.1088,L,45.0,0.075,0.09699999999999999,31.47,0.059000000000000004,0.073,There is a faint echo at the start,,0.17,,,,,,,,,,
193,matching_annotaudio_Aditya_2018-08-17_34_158,58.0,0.4408,R,50.0,0.5670000000000001,0.588,22.98,0.6729999999999999,0.679,There are echoes before the start of the call,,0.58,,,,,,,,,,
195,matching_annotaudio_Aditya_2018-08-17_34_165,49.0,1.5484,L,50.0,2.04,2.0580000000000003,29.69,2.07,2.079,,,0.49,,,,,,,,,,
196,matching_annotaudio_Aditya_2018-08-17_34_168,28.0,0.2016,R,50.0,0.188,0.204,37.99,0.175,0.186,Faint echoes at the start of the call since the call is very loud,,0.28,,,,,,,,,,
197,matching_annotaudio_Aditya_2018-08-17_34_169,42.0,0.2688,R,45.0,0.115,0.134,41.57,0.522,0.542,"Here also, there are some faint echoes at the start",,0.42,,,,,,,,,,
198,matching_annotaudio_Aditya_2018-08-17_34_170,44.0,0.4048,R,55.0,0.507,0.527,21.78,0.49,0.502,,,0.44,,,,,,,,,,
199,matching_annotaudio_Aditya_2018-08-17_34_171,93.0,5.0592,R,45.0,2.1790000000000003,2.219,25.61,2.231,2.24,,,0.93,,,,,,,,,,
200,matching_annotaudio_Aditya_2018-08-17_34_201,9.0,0.4572,R,80.0,0.637,0.66,26.64,0.6990000000000001,0.716,,,0.09,,,,,,,,,,
201,matching_annotaudio_Aditya_2018-08-17_34_202,76.0,17.137999999999998,R,45.0,3.245,3.266,24.88,3.235,3.243,,,0.76,,,,,,,,,,
202,matching_annotaudio_Aditya_2018-08-17_34_208,17.0,0.5372,R,70.0,1.597,1.62,28.44,1.587,1.595,,,0.17,,,,,,,,,,
203,matching_annotaudio_Aditya_2018-08-17_34_211,41.0,1.0496,L,80.0,0.149,0.17300000000000001,26.35,0.139,0.149,,,0.41,,,,,,,,,,
204,matching_annotaudio_Aditya_2018-08-17_01_24,0.85,0.544,L,80.0,0.037000000000000005,0.059000000000000004,24.93,0.191,0.195,There are faint echoes along with the call.,,,,,,,,,,,,
205,matching_annotaudio_Aditya_2018-08-17_45_1,0.58,1.044,L,55.0,0.052000000000000005,0.071,22.02,0.08199999999999999,0.092,,,,,,,,,,,,,
209,matching_annotaudio_Aditya_2018-08-17_45_22,0.9,0.54,R,70.0,0.34299999999999997,0.36,25.36,0.325,0.33799999999999997,,,,,,,,,,,,,
210,matching_annotaudio_Aditya_2018-08-17_45_24,0.42,1.2768,L,45.0,0.142,0.16399999999999998,22.23,0.125,0.134,,,,,,,,,,,,,
211,matching_annotaudio_Aditya_2018-08-17_45_25,0.89,2.7412,L,50.0,2.6910000000000003,2.7239999999999998,25.32,2.7510000000000003,2.761,,,,,,,,,,,,,
213,matching_annotaudio_Aditya_2018-08-17_45_29,0.61,0.7808,R,45.0,0.36200000000000004,0.392,36.6,0.406,0.41600000000000004,,,,,,,,,,,,,
220,matching_annotaudio_Aditya_2018-08-17_45_100,0.38,0.5624,L,70.0,1.042,1.071,23.72,1.024,1.042,There is one 'pink' myotis call in between,,,,,,,,,,,,
221,matching_annotaudio_Aditya_2018-08-17_45_113,0.57,0.5472,R,60.0,0.086,0.114,31.09,0.079,0.085,,,,,,,,,,,,,
223,matching_annotaudio_Aditya_2018-08-17_45_116,0.34,1.5232,R,70.0,3.48,3.5069999999999997,21.92,3.5180000000000002,3.545,,,,,,,,,,,,,
224,matching_annotaudio_Aditya_2018-08-17_45_117,0.98,0.6272,L,75.0,0.61,0.632,25.26,0.5539999999999999,0.562,The intensity of the second half of the call is low. Not sure whether it happens because of interference,,,,,,,,,,,,
225,matching_annotaudio_Aditya_2018-08-17_45_118,0.94,11.5432,R,40.0,9.892000000000001,9.908999999999999,27.11,10.062999999999999,10.076,,,,,,,,,,,,,
226,matching_annotaudio_Aditya_2018-08-17_45_119,0.92,6.6976,L,60.0,2.037,2.057,28.63,1.8780000000000001,1.881,,,,,,,,,,,,,
228,matching_annotaudio_Aditya_2018-08-17_45_122,0.48,0.2112,R,40.0,0.19699999999999998,0.217,26.15,0.09699999999999999,0.111,Silent period taken from 45_104,,,,,,,,,,,,
230,matching_annotaudio_Aditya_2018-08-17_45_124,0.14,0.11199999999999999,L,50.0,0.162,0.193,20.09,0.204,0.221,,,,,,,,,,,,,
234,matching_annotaudio_Aditya_2018-08-17_45_135,0.96,3.5328,R,55.0,0.142,0.16,34.85,0.473,0.486,There are echoes at the start of the call. But the call is very loud.,,,,,,,,,,,,
236,matching_annotaudio_Aditya_2018-08-17_45_162,0.52,2.184,L,70.0,0.228,0.251,24.13,0.20800000000000002,0.223,,,,,,,,,,,,,
237,matching_annotaudio_Aditya_2018-08-17_45_164,0.02,0.1256,L,50.0,3.262,3.28,23.57,3.2969999999999997,3.3080000000000003,,,,,,,,,,,,,
239,matching_annotaudio_Aditya_2018-08-17_45_173,0.66,1.1352,R,55.0,1.159,1.177,21.84,1.186,1.197,,,,,,,,,,,,,
240,matching_annotaudio_Aditya_2018-08-17_45_174,0.12,0.8544,L,55.0,0.16399999999999998,0.185,34.79,0.14800000000000002,0.161,,,,,,,,,,,,,
244,matching_annotaudio_Aditya_2018-08-17_45_189,0.66,1.5576,R,70.0,0.10400000000000001,0.13,22.28,0.13699999999999998,0.146,,,,,,,,,,,,,
245,matching_annotaudio_Aditya_2018-08-17_45_203,1.0,12.92,L,50.0,0.263,0.29600000000000004,32.28,0.33,0.341,,,,,,,,,,,,,
248,matching_annotaudio_Aditya_2018-08-17_45_211,0.28,0.5488,L,60.0,0.114,0.145,24.34,0.188,0.203,,,,,,,,,,,,,
249,matching_annotaudio_Aditya_2018-08-17_45_231,0.5,0.28,L,40.0,0.105,0.122,20.36,0.336,0.341,The Fm part is very faint. Looks as if there is a point with interference in the FM part,,,,,,,,,,,,
254,matching_annotaudio_Aditya_2018-08-17_45_267,0.29,0.3712,R,60.0,1.151,1.17,27.42,1.139,1.1440000000000001,,,,,,,,,,,,,
255,matching_annotaudio_Aditya_2018-08-17_45_269,0.56,0.2688,L,70.0,0.257,0.28300000000000003,32.04,0.341,0.34600000000000003,,,,,,,,,,,,,
259,matching_annotaudio_Aditya_2018-08-17_45_303,0.87,0.4176,L,40.0,0.298,0.327,20.0,0.35600000000000004,0.386,,,,,,,,,,,,,
263,matching_annotaudio_Aditya_2018-08-17_45_321,0.68,0.21828000000000003,L,70.0,0.042,0.065,20.69,0.162,0.168,,,,,,,,,,,,,
264,matching_annotaudio_Aditya_2018-08-17_45_322,0.05,0.018000000000000002,R,80.0,0.162,0.193,27.3,0.322,0.324,,,,,,,,,,,,,
265,matching_annotaudio_Aditya_2018-08-17_45_326,0.81,0.6804,L,50.0,0.29100000000000004,0.319,29.22,0.32899999999999996,0.33399999999999996,,,,,,,,,,,,,
266,matching_annotaudio_Aditya_2018-08-17_45_337,0.25,0.11,L,55.0,0.083,0.107,20.73,0.317,0.32,There are very faint remaining parts of FM call.,,,,,,,,,,,,
267,matching_annotaudio_Aditya_2018-08-17_45_339,0.84,1.9488,R,70.0,1.954,1.983,26.85,2.02,2.033,,,,,,,,,,,,,
268,matching_annotaudio_Aditya_2018-08-17_45_340,0.56,1.0528,R,55.0,1.202,1.2209999999999999,31.53,1.015,1.026,,,,,,,,,,,,,
269,matching_annotaudio_Aditya_2018-08-17_45_341,0.3,0.444,L,45.0,0.28600000000000003,0.313,20.45,0.263,0.278,,,,,,,,,,,,,
270,matching_annotaudio_Aditya_2018-08-17_45_342,0.32,0.2816,R,55.0,0.294,0.315,44.42,0.27399999999999997,0.284,,,,,,,,,,,,,
271,matching_annotaudio_Aditya_2018-08-17_45_348,0.27,0.6912,R,80.0,1.8130000000000002,1.8319999999999999,21.85,1.87,1.881,There are very faint remaining parts of FM call.,,,,,,,,,,,,
272,matching_annotaudio_Aditya_2018-08-19_23_2,0.54,0.3024,R,70.0,0.32799999999999996,0.35100000000000003,30.02,0.313,0.32299999999999995,,,,,,,,,,,,,
273,matching_annotaudio_Aditya_2018-08-19_23_5,0.36,0.1008,L,70.0,0.17800000000000002,0.196,33.31,0.075,0.09300000000000001,Silent interval taken from matching_annotaudio_Aditya_2018-08-19_23_2,,,,,,,,,,,,
275,matching_annotaudio_Aditya_2018-08-19_23_12,0.78,0.8424,L,70.0,0.774,0.7909999999999999,31.2,0.584,0.597,,,,,,,,,,,,,
276,matching_annotaudio_Aditya_2018-08-19_23_14,0.44,0.3344,R,45.0,0.294,0.312,39.29,0.386,0.392,,,,,,,,,,,,,
278,matching_annotaudio_Aditya_2018-08-19_23_16,0.7,0.336,R,60.0,0.341,0.361,36.07,0.371,0.386,,,,,,,,,,,,,
279,matching_annotaudio_Aditya_2018-08-19_23_17,0.98,1.0192,R,65.0,0.27399999999999997,0.29,20.71,0.264,0.27,,,,,,,,,,,,,
280,matching_annotaudio_Aditya_2018-08-19_23_18,0.13,0.1612,R,80.0,0.414,0.433,26.95,0.39899999999999997,0.41100000000000003,,,,,,,,,,,,,
281,matching_annotaudio_Aditya_2018-08-19_23_19,0.39,0.46799999999999997,L,40.0,0.426,0.44299999999999995,31.97,0.45,0.457,,,,,,,,,,,,,
286,matching_annotaudio_Aditya_2018-08-19_23_37,0.16,0.9664,R,50.0,1.686,1.716,25.26,1.676,1.6840000000000002,,,,,,,,,,,,,
288,matching_annotaudio_Aditya_2018-08-19_23_39,0.71,0.3692,R,65.0,0.42,0.455,30.07,0.469,0.478,There is a faint echo of another call. ,,,,,,,,,,,,
289,matching_annotaudio_Aditya_2018-08-19_23_40,0.8,0.44799999999999995,L,70.0,0.387,0.405,26.49,0.371,0.391,,,,,,,,,,,,,
290,matching_annotaudio_Aditya_2018-08-17_56_6,27.0,1.1772,R,70.0,3.109,3.1319999999999997,27.45,3.477,3.492,,,,,,,,,,,,,
291,matching_annotaudio_Aditya_2018-08-17_56_9,57.0,1.0488,L,60.0,0.563,0.606,22.68,0.5529999999999999,0.562,,,,,,,,,,,,,
292,matching_annotaudio_Aditya_2018-08-17_56_11,59.0,0.6136,R,65.0,0.778,0.8079999999999999,22.75,1.01,1.026,,,,,,,,,,,,,
296,matching_annotaudio_Aditya_2018-08-17_56_27,34.0,0.6392,L,60.0,0.085,0.10800000000000001,29.11,0.222,0.24,,,,,,,,,,,,,
299,matching_annotaudio_Aditya_2018-08-17_56_58,1.0,0.0028,L,70.0,0.091,0.10800000000000001,33.07,0.191,0.19899999999999998,Silent interval taken from Annotation_38. Not very confident. There are echoes before the call starts,,,,,,,,,,,,
300,matching_annotaudio_Aditya_2018-08-17_56_59,55.0,0.99,R,55.0,1.401,1.423,26.09,0.48,0.489,,,,,,,,,,,,,
302,matching_annotaudio_Aditya_2018-08-17_56_91,74.0,1.7464,L,40.0,1.462,1.484,28.52,1.909,1.919,,,,,,,,,,,,,
303,matching_annotaudio_Aditya_2018-08-17_56_102,66.0,0.8448,R,60.0,0.47200000000000003,0.491,21.93,0.506,0.513,,,,,,,,,,,,,
304,matching_annotaudio_Aditya_2018-08-17_56_109,10.0,0.076,R,50.0,0.051,0.073,24.93,0.031,0.042,,,,,,,,,,,,,
305,matching_annotaudio_Aditya_2018-08-17_56_143,11.0,0.044000000000000004,R,50.0,0.054000000000000006,0.077,22.52,0.03,0.047,,,,,,,,,,,,,
306,matching_annotaudio_Aditya_2018-08-17_23_14,0.63,0.9324,R,45.0,0.163,0.184,21.62,0.287,0.305,There are faint myotis calls also,,,,,,,,,,,,
307,matching_annotaudio_Aditya_2018-08-17_23_56,0.28,0.3696,L,70.0,0.04,0.07200000000000001,23.87,0.226,0.23600000000000002,,,,,,,,,,,,,
308,matching_annotaudio_Aditya_2018-08-17_23_65,0.61,0.1708,R,70.0,0.19399999999999998,0.217,28.64,0.158,0.168,There are echoes just before the FM starts. Overlaps a little. ,,,,,,,,,,,,
311,matching_annotaudio_Aditya_2018-08-17_23_137,0.93,2.4552,R,45.0,1.274,1.2890000000000001,21.28,1.379,1.385,,,,,,,,,,,,,
312,matching_annotaudio_Aditya_2018-08-17_23_141,0.14,0.0112,R,40.0,0.008,0.028999999999999998,35.76,0.067,0.077,Not very sure. There are faint echoes and interference at a point within the call,,,,,,,,,,,,
313,matching_annotaudio_Aditya_2018-08-17_23_157,0.57,1.254,L,70.0,0.33799999999999997,0.36200000000000004,22.69,0.314,0.327,,,,,,,,,,,,,
315,matching_annotaudio_Aditya_2018-08-17_23_172,0.82,2.9192,L,60.0,2.7460000000000004,2.7110000000000003,27.79,3.51,3.517,,,,,,,,,,,,,
317,matching_annotaudio_Aditya_2018-08-17_23_196,0.58,0.6496,L,60.0,0.8190000000000001,0.841,27.85,0.9259999999999999,0.94,,,,,,,,,,,,,
320,matching_annotaudio_Aditya_2018-08-17_23_115,0.52,0.6032,R,45.0,0.469,0.48700000000000004,20.24,0.166,0.177,,,,,,,,,,,,,
321,matching_annotaudio_Aditya_2018-08-17_23_173,0.17,0.6459999999999999,R,60.0,2.633,2.654,25.49,2.986,2.9219999999999997,,,,,,,,,,,,,
323,matching_annotaudio_Aditya_2018-08-17_23_70,0.45,0.09,L,55.0,0.17800000000000002,0.196,33.05,0.513,0.535,Silent interval taken from Annotation 23_81. There are echoes before the calls start. Not very confident,,,,,,,,,,,,
325,matching_annotaudio_Aditya_2018-08-17_23_2,0.31,0.3224,L,65.0,0.307,0.32799999999999996,30.7,0.293,0.307,,,,,,,,,,,,,
328,matching_annotaudio_Aditya_2018-08-17_23_14,0.63,0.9324,R,45.0,0.163,0.184,21.62,0.287,0.305,There are faint myotis calls also,,,,,,,,,,,,
329,matching_annotaudio_Aditya_2018-08-17_23_15,0.51,0.1836,R,50.0,0.23800000000000002,0.261,23.64,0.225,0.233,,,,,,,,,,,,,
330,matching_annotaudio_Aditya_2018-08-17_23_26,0.93,2.3436,L,40.0,2.275,2.2969999999999997,24.4,2.251,2.27,,,,,,,,,,,,,
331,matching_annotaudio_Aditya_2018-08-17_23_28,0.9,1.26,L,45.0,1.022,1.041,25.86,1.052,1.063,There are faint echoes before the start of the call,,,,,,,,,,,,
332,matching_annotaudio_Aditya_2018-08-17_23_30,0.18,0.1008,L,60.0,0.028999999999999998,0.052000000000000005,37.59,0.315,0.324,,,,,,,,,,,,,
333,matching_annotaudio_Aditya_2018-08-17_23_37,0.42,0.42,R,60.0,0.526,0.544,20.9,0.513,0.524,The Fm is faint and there seems to be interference at one point,,,,,,,,,,,,
337,matching_annotaudio_Aditya_2018-08-17_23_43,0.94,1.6544,L,55.0,1.287,1.304,21.39,1.2790000000000001,1.286,,,,,,,,,,,,,
338,matching_annotaudio_Aditya_2018-08-17_23_45,0.65,1.534,R,70.0,2.096,2.123,29.11,2.085,2.095,,,,,,,,,,,,,
339,matching_annotaudio_Aditya_2018-08-17_23_53,0.73,1.0804,R,45.0,0.121,0.14,27.9,0.109,0.11900000000000001,There seem to be some overlap of calls towards the end. Don�t know whether it�s a different bat,,,,,,,,,,,,
340,matching_annotaudio_Aditya_2018-08-17_23_56,0.28,0.3696,L,70.0,0.04,0.07200000000000001,0.226,0.23600000000000002,23.87,,,,,,,,,,,,,
342,matching_annotaudio_Aditya_2018-08-17_23_65,0.61,0.1708,R,70.0,0.19399999999999998,0.217,28.64,0.158,0.168,There are echoes just before the FM starts. Overlaps a little. ,,,,,,,,,,,,
344,matching_annotaudio_Aditya_2018-08-17_23_67,0.72,1.0944,R,50.0,0.912,0.9329999999999999,29.04,0.743,0.7490000000000001,,,,,,,,,,,,,
347,matching_annotaudio_Aditya_2018-08-17_23_70,0.45,0.09,L,55.0,0.17800000000000002,0.196,33.05,0.513,0.535,Silent interval taken from Annotation 23_81. There are echoes before the calls start. Not very confident,,,,,,,,,,,,
350,matching_annotaudio_Aditya_2018-08-17_23_75,0.62,3.2984,L,45.0,2.378,2.397,34.19,2.235,2.2430000000000003,,,,,,,,,,,,,
352,matching_annotaudio_Aditya_2018-08-17_23_81,0.52,0.6032,R,70.0,0.42700000000000005,0.447,29.56,0.415,0.425,,,,,,,,,,,,,
353,matching_annotaudio_Aditya_2018-08-17_23_82,0.86,1.2728,R,45.0,0.445,0.46799999999999997,26.31,0.429,0.442,,,,,,,,,,,,,
354,matching_annotaudio_Aditya_2018-08-17_23_84,0.48,0.6528,L,45.0,0.478,0.499,20.21,0.47,0.47700000000000004,,,,,,,,,,,,,
355,matching_annotaudio_Aditya_2018-08-17_23_91,0.11,0.3256,R,50.0,0.35600000000000004,0.374,21.62,0.387,0.402,,,,,,,,,,,,,
356,matching_annotaudio_Aditya_2018-08-17_23_92,0.91,1.3468,R,45.0,0.499,0.521,33.54,0.489,0.494,,,,,,,,,,,,,
359,matching_annotaudio_Aditya_2018-08-17_23_97,0.39,0.3276,L,50.0,0.213,0.23199999999999998,44.87,0.008,0.017,There is overlap in channel 1 recordings. Probably echoes?,,,,,,,,,,,,
361,matching_annotaudio_Aditya_2018-08-17_23_99,0.95,1.14,L,50.0,1.022,1.042,22.81,1.005,1.0190000000000001,,,,,,,,,,,,,
362,matching_annotaudio_Aditya_2018-08-17_23_100,0.01,0.0084,R,50.0,0.14400000000000002,0.163,35.55,0.131,0.142,,,,,,,,,,,,,
365,matching_annotaudio_Aditya_2018-08-17_23_105,0.5,1,L,60.0,0.353,0.379,28.79,0.402,0.41100000000000003,,,,,,,,,,,,,
366,matching_annotaudio_Aditya_2018-08-17_23_109,0.84,2.1168,R,80.0,2.363,2.394,29.09,2.332,2.354,,,,,,,,,,,,,
367,matching_annotaudio_Aditya_2018-08-17_23_110,0.61,0.7076,R,70.0,1.035,1.055,25.32,1.093,1.1,,,,,,,,,,,,,
368,matching_annotaudio_Aditya_2018-08-17_23_111,0.03,0.0192,L,80.0,0.508,0.53,32.4,0.5820000000000001,0.591,,,,,,,,,,,,,
369,matching_annotaudio_Aditya_2018-08-17_23_112,0.74,1.0952,R,45.0,0.746,0.78,22.6,0.728,0.741,,,,,,,,,,,,,
370,matching_annotaudio_Aditya_2018-08-17_23_113,0.05,0.034,L,45.0,0.046,0.07400000000000001,28.15,0.032,0.045,,,,,,,,,,,,,
371,matching_annotaudio_Aditya_2018-08-17_23_115,0.52,0.6032,R,45.0,0.469,0.48700000000000004,20.24,0.166,0.177,,,,,,,,,,,,,
372,matching_annotaudio_Aditya_2018-08-17_23_117,0.66,0.4224,L,40.0,0.32299999999999995,0.34600000000000003,31.22,0.306,0.32,,,,,,,,,,,,,
373,matching_annotaudio_Aditya_2018-08-17_23_133,0.06,0.0432,R,45.0,0.182,0.203,29.48,0.17,0.18100000000000002,,,,,,,,,,,,,
374,matching_annotaudio_Aditya_2018-08-17_23_134,0.1,0.172,L,55.0,1.358,1.379,25.34,1.4580000000000002,1.474,,,,,,,,,,,,,
376,matching_annotaudio_Aditya_2018-08-17_23_137,0.93,2.4552,R,45.0,1.274,1.2890000000000001,21.28,1.379,1.385,,,,,,,,,,,,,
377,matching_annotaudio_Aditya_2018-08-17_23_138,0.33,0.5544,R,55.0,1.254,1.276,29.3,1.2429999999999999,1.253,,,,,,,,,,,,,
378,matching_annotaudio_Aditya_2018-08-17_23_139,0.47,0.7144,L,50.0,0.674,0.691,22.09,1.2819999999999998,1.296,There are echoes after the terminal FM,,,,,,,,,,,,
379,matching_annotaudio_Aditya_2018-08-17_23_141,0.14,0.0112,R,40.0,0.008,0.028999999999999998,35.76,0.067,0.077,Not very sure. There are faint echoes and interference at a point within the call,,,,,,,,,,,,
381,matching_annotaudio_Aditya_2018-08-17_23_143,0.11,0.3036,L,45.0,0.011000000000000001,0.037000000000000005,25.4,0.002,0.009000000000000001,,,,,,,,,,,,,
382,matching_annotaudio_Aditya_2018-08-17_23_145,0.78,0.6864,L,55.0,0.205,0.226,21.21,0.19,0.20199999999999999,,,,,,,,,,,,,
383,matching_annotaudio_Aditya_2018-08-17_23_146,0.14,0.1736,L,40.0,0.45899999999999996,0.48100000000000004,20.75,0.444,0.45399999999999996,The CF echo present above the terminal FM,,,,,,,,,,,,
385,matching_annotaudio_Aditya_2018-08-17_23_155,92.0,1.0304,L,80.0,0.58,0.599,31.32,0.574,0.58,,,,,,,,,,,,,
387,matching_annotaudio_Aditya_2018-08-17_23_157,0.57,1.254,L,70.0,0.33799999999999997,0.36200000000000004,22.69,0.314,0.327,,,,,,,,,,,,,
391,matching_annotaudio_Aditya_2018-08-17_23_168,74.0,0.5032,L,80.0,0.32799999999999996,0.355,21.63,0.371,0.381,,,,,,,,,,,,,
393,matching_annotaudio_Aditya_2018-08-17_23_172,0.82,2.9192,L,60.0,2.7460000000000004,2.7110000000000003,27.79,3.51,3.517,,,,,,,,,,,,,
394,matching_annotaudio_Aditya_2018-08-17_23_173,0.17,0.646,R,60.0,2.633,2.654,25.49,2.986,2.9219999999999997,,,,,,,,,,,,,
395,matching_annotaudio_Aditya_2018-08-17_23_174,84.0,2.9904,R,55.0,2.4819999999999998,2.5069999999999997,21.15,2.467,2.479,,,,,,,,,,,,,
396,matching_annotaudio_Aditya_2018-08-17_23_185,81.0,1.458,R,45.0,1.558,1.579,26.7,1.547,1.555,,,,,,,,,,,,,
397,matching_annotaudio_Aditya_2018-08-17_23_186,87.0,1.8792,R,60.0,0.253,0.28800000000000003,23.63,0.231,0.25,,,,,,,,,,,,,
398,matching_annotaudio_Aditya_2018-08-17_23_187,82.0,2.4272,R,45.0,2.437,2.455,27.69,2.423,2.4330000000000003,,,,,,,,,,,,,
401,matching_annotaudio_Aditya_2018-08-17_23_193,78.0,2.3088,R,45.0,2.3409999999999997,2.359,24.96,2.331,2.34,,,,,,,,,,,,,
402,matching_annotaudio_Aditya_2018-08-17_23_196,0.58,0.6496,L,60.0,0.8190000000000001,0.841,27.85,0.9259999999999999,0.94,,,,,,,,,,,,,
403,matching_annotaudio_Aditya_2018-08-17_56_1,0.31,0.2852,L,55.0,0.087,0.10800000000000001,26.81,0.033,0.047,,,,,,,,,,,,,
405,matching_annotaudio_Aditya_2018-08-17_56_6,27.0,1.1772,R,70.0,3.109,3.1319999999999997,27.45,3.477,3.492,,,,,,,,,,,,,
406,matching_annotaudio_Aditya_2018-08-17_56_7,0.45,0.63,R,45.0,0.645,0.6829999999999999,28.39,0.69,0.698,,,,,,,,,,,,,
407,matching_annotaudio_Aditya_2018-08-17_56_9,57.0,1.0488,L,60.0,0.563,0.606,22.68,0.5529999999999999,0.562,,,,,,,,,,,,,
408,matching_annotaudio_Aditya_2018-08-17_56_11,59.0,0.6136,R,65.0,0.778,0.8079999999999999,22.75,1.01,1.026,,,,,,,,,,,,,
413,matching_annotaudio_Aditya_2018-08-17_56_27,34.0,0.6392,L,60.0,0.085,0.10800000000000001,29.11,0.222,0.24,,,,,,,,,,,,,
415,matching_annotaudio_Aditya_2018-08-17_56_33,0.99,0.6336,L,50.0,0.07,0.086,24.89,0.247,0.254,,,,,,,,,,,,,
417,matching_annotaudio_Aditya_2018-08-17_56_58,1.0,0.0028,L,70.0,0.091,0.10800000000000001,33.07,0.191,0.19899999999999998,Silent interval taken from Annotation_38. Not very confident. There are echoes before the call starts,,,,,,,,,,,,
418,matching_annotaudio_Aditya_2018-08-17_56_59,55.0,0.99,R,55.0,1.401,1.423,26.09,0.48,0.489,,,,,,,,,,,,,
420,matching_annotaudio_Aditya_2018-08-17_56_78,0.65,0.8059999999999999,L,40.0,0.205,0.228,33.52,0.25,0.272,,,,,,,,,,,,,
422,matching_annotaudio_Aditya_2018-08-17_56_90,0.73,0.2628,R,55.0,0.077,0.094,25.25,0.27,0.281,,,,,,,,,,,,,
423,matching_annotaudio_Aditya_2018-08-17_56_91,74.0,1.7464,L,40.0,1.462,1.484,28.52,1.909,1.919,,,,,,,,,,,,,
424,matching_annotaudio_Aditya_2018-08-17_56_96,0.64,0.8704,R,45.0,0.98,1.001,21.32,0.966,0.977,,,,,,,,,,,,,
425,matching_annotaudio_Aditya_2018-08-17_56_102,66.0,0.8448,R,60.0,0.47200000000000003,0.491,21.93,0.506,0.513,,,,,,,,,,,,,
426,matching_annotaudio_Aditya_2018-08-17_56_107,0.08,0.1792,L,70.0,2.1830000000000003,2.206,22.04,2.005,2.017,,,,,,,,,,,,,
427,matching_annotaudio_Aditya_2018-08-17_56_108,0.71,0.9940000000000001,L,45.0,0.972,0.99,21.99,0.996,1.008,,,,,,,,,,,,,
428,matching_annotaudio_Aditya_2018-08-17_56_109,10.0,0.076,R,50.0,0.051,0.073,24.93,0.031,0.042,,,,,,,,,,,,,
430,matching_annotaudio_Aditya_2018-08-17_56_143,11.0,0.044000000000000004,R,50.0,0.054000000000000006,0.077,22.52,0.03,0.047,,,,,,,,,,,,,
431,matching_annotaudio_Aditya_2018-08-17_56_162,0.82,2.8536,L,55.0,0.26899999999999996,0.294,29.75,0.312,0.327,,,,,,,,,,,,,
433,matching_annotaudio_Aditya_2018-08-17_56_176,0.01,0.0068,R,80.0,0.121,0.14400000000000002,35.25,0.157,0.17600000000000002,,,,,,,,,,,,,
435,matching_annotaudio_Aditya_2018-08-17_56_181,0.68,1.5232,L,70.0,0.47200000000000003,0.498,20.82,0.45799999999999996,0.47100000000000003,,,,,,,,,,,,,
436,matching_annotaudio_Aditya_2018-08-17_23_14,0.63,0.9324,R,45.0,0.163,0.184,21.62,0.287,0.305,There are faint myotis calls also,,,,,,,,,,,,
437,matching_annotaudio_Aditya_2018-08-17_23_56,0.28,0.3696,L,70.0,0.04,0.07200000000000001,0.226,0.23600000000000002,23.87,,,,,,,,,,,,,
438,matching_annotaudio_Aditya_2018-08-17_23_65,0.61,0.1708,R,70.0,0.19399999999999998,0.217,28.64,0.158,0.168,There are echoes just before the FM starts. Overlaps a little. ,,,,,,,,,,,,
441,matching_annotaudio_Aditya_2018-08-17_23_137,0.93,2.4552,R,45.0,1.274,1.2890000000000001,21.28,1.379,1.385,,,,,,,,,,,,,
442,matching_annotaudio_Aditya_2018-08-17_23_141,0.14,0.0112,R,40.0,0.008,0.028999999999999998,35.76,0.067,0.077,Not very sure. There are faint echoes and interference at a point within the call,,,,,,,,,,,,
443,matching_annotaudio_Aditya_2018-08-17_23_157,0.57,1.254,L,70.0,0.33799999999999997,0.36200000000000004,22.69,0.314,0.327,,,,,,,,,,,,,
445,matching_annotaudio_Aditya_2018-08-17_23_172,0.82,2.9192,L,60.0,2.7460000000000004,2.7110000000000003,27.79,3.51,3.517,,,,,,,,,,,,,
447,matching_annotaudio_Aditya_2018-08-17_23_196,0.58,0.6496,L,60.0,0.8190000000000001,0.841,27.85,0.9259999999999999,0.94,,,,,,,,,,,,,
450,matching_annotaudio_Aditya_2018-08-17_23_115,0.52,0.6032,R,45.0,0.469,0.48700000000000004,20.24,0.166,0.177,,,,,,,,,,,,,
451,matching_annotaudio_Aditya_2018-08-17_23_173,0.17,0.6459999999999999,R,60.0,2.633,2.654,25.49,2.986,2.9219999999999997,,,,,,,,,,,,,
453,matching_annotaudio_Aditya_2018-08-17_23_70,0.45,0.09,L,55.0,0.17800000000000002,0.196,33.05,0.513,0.535,Silent interval taken from Annotation 23_81. There are echoes before the calls start. Not very confident,,,,,,,,,,,,
455,matching_annotaudio_Aditya_2018-08-17_12_2,0.25,0.51,R,65.0,0.307,0.337,33.93,0.35,0.361,,,,,,,,,,,,,
456,matching_annotaudio_Aditya_2018-08-17_12_4,0.59,3.5164,R,45.0,0.254,0.272,25.61,0.248,0.252,,,,,,,,,,,,,
457,matching_annotaudio_Aditya_2018-08-17_12_8,0.45,0.252,L,70.0,0.161,0.177,27.79,0.105,0.125,,,,,,,,,,,,,
458,matching_annotaudio_Aditya_2018-08-17_12_15,0.41,2.0828,L,70.0,0.251,0.272,25.44,0.235,0.24600000000000002,There are very faint myotis calls also. Not very sure.,,,,,,,,,,,,
459,matching_annotaudio_Aditya_2018-08-17_12_16,0.04,0.0352,L,55.0,0.1,0.124,28.2,0.08900000000000001,0.095,,,,,,,,,,,,,
460,matching_annotaudio_Aditya_2018-08-17_12_21,0.68,1.36,R,55.0,0.7190000000000001,0.769,42.66,0.7,0.713,,,,,,,,,,,,,
461,matching_annotaudio_Aditya_2018-08-17_12_28,0.81,1.1016,R,50.0,0.152,0.17,24.38,0.094,0.107,,,,,,,,,,,,,
462,matching_annotaudio_Aditya_2018-08-17_12_29,0.04,0.0544,R,45.0,0.10800000000000001,0.147,23.43,0.08,0.099,,,,,,,,,,,,,
463,matching_annotaudio_Aditya_2018-08-17_12_33,0.78,0.8736,L,70.0,0.713,0.731,25.95,0.703,0.711,,,,,,,,,,,,,
464,matching_annotaudio_Aditya_2018-08-17_12_44,0.56,0.336,L,50.0,0.138,0.165,26.63,0.125,0.134,,,,,,,,,,,,,
465,matching_annotaudio_Aditya_2018-08-17_12_50,0.3,0.78,L,75.0,0.203,0.22699999999999998,24.99,0.262,0.28800000000000003,,,,,,,,,,,,,
467,matching_annotaudio_Aditya_2018-08-17_12_53,0.48,0.2688,R,70.0,0.159,0.185,38.85,0.14400000000000002,0.15,,,,,,,,,,,,,
469,matching_annotaudio_Aditya_2018-08-17_12_68,0.98,1.2544,R,70.0,1.179,1.2009999999999998,21.72,1.15,1.162,,,,,,,,,,,,,
470,matching_annotaudio_Aditya_2018-08-17_12_71,0.15,1.848,L,50.0,1.8219999999999998,1.844,23.72,1.857,1.8719999999999999,,,,,,,,,,,,,
472,matching_annotaudio_Aditya_2018-08-17_12_73,0.53,2.544,L,80.0,1.13,1.151,20.96,1.113,1.124,,,,,,,,,,,,,
473,matching_annotaudio_Aditya_2018-08-17_12_74,0.34,0.5304,R,50.0,0.2,0.221,29.01,0.23199999999999998,0.244,,,,,,,,,,,,,
474,matching_annotaudio_Aditya_2018-08-17_12_75,0.7,1.176,L,55.0,0.494,0.51,22.61,0.522,0.527,,,,,,,,,,,,,
475,matching_annotaudio_Aditya_2018-08-17_12_76,0.12,0.048,R,50.0,0.027000000000000003,0.051,29.52,0.013999999999999999,0.023,There seem to be one point where interference happens. Silent period taken from 12_61,,,,,,,,,,,,
476,matching_annotaudio_Aditya_2018-08-17_12_77,0.95,0.836,R,50.0,0.45,0.47100000000000003,34.15,0.638,0.6409999999999999,,,,,,,,,,,,,
478,matching_annotaudio_Aditya_2018-08-17_12_79,0.08,0.128,R,50.0,0.083,0.11199999999999999,35.82,0.059000000000000004,0.071,,,,,,,,,,,,,
479,matching_annotaudio_Aditya_2018-08-17_12_80,0.31,0.6448,R,65.0,0.081,0.109,30.12,0.069,0.076,,,,,,,,,,,,,
480,matching_annotaudio_Aditya_2018-08-17_12_88,0.59,0.3304,R,70.0,0.42700000000000005,0.446,30.05,0.451,0.455,,,,,,,,,,,,,
482,matching_annotaudio_Aditya_2018-08-17_12_100,0.91,0.8008,R,50.0,0.38,0.401,22.67,0.368,0.375,,,,,,,,,,,,,
483,matching_annotaudio_Aditya_2018-08-17_12_101,0.83,0.4648,R,70.0,0.034,0.054000000000000006,25.47,0.023,0.033,,,,,,,,,,,,,
484,matching_annotaudio_Aditya_2018-08-17_12_103,0.6,0.504,R,70.0,0.42100000000000004,0.44,22.7,0.409,0.41700000000000004,,,,,,,,,,,,,
485,matching_annotaudio_Aditya_2018-08-17_12_104,0.47,4.0232,L,65.0,3.5389999999999997,3.575,29.17,3.588,3.5989999999999998,,,,,,,,,,,,,
488,matching_annotaudio_Aditya_2018-08-17_12_108,0.44,0.1408,R,40.0,0.221,0.24,22.55,0.298,0.303,,,,,,,,,,,,,
489,matching_annotaudio_Aditya_2018-08-17_12_110,0.47,2.2372,R,70.0,2.346,2.392,33.88,2.329,2.342,,,,,,,,,,,,,
490,matching_annotaudio_Aditya_2018-08-17_12_114,0.77,1.848,R,40.0,1.541,1.564,25.25,1.534,1.5390000000000001,,,,,,,,,,,,,
491,matching_annotaudio_Aditya_2018-08-17_12_115,0.58,2.668,R,70.0,3.833,3.888,36.94,3.823,3.83,,,,,,,,,,,,,
492,matching_annotaudio_Aditya_2018-08-17_12_116,0.77,6.5912,R,70.0,7.608,7.648,34.28,7.595,7.604,,,,,,,,,,,,,
493,matching_annotaudio_Aditya_2018-08-17_12_117,0.13,0.6084,L,70.0,2.6289999999999996,2.6519999999999997,28.4,2.662,2.6710000000000003,,,,,,,,,,,,,
494,matching_annotaudio_Aditya_2018-08-17_12_118,0.08,0.272,L,50.0,2.92,2.9389999999999996,28.02,2.9539999999999997,2.969,,,,,,,,,,,,,
495,matching_annotaudio_Aditya_2018-08-17_12_121,0.84,4.5696,L,80.0,4.138999999999999,4.205,35.41,4.215,4.231,,,,,,,,,,,,,
503,matching_annotaudio_Aditya_2018-08-20_0200-0300_11,0.12,0.0528,L,60.0,0.263,0.281,21.92,0.297,0.304,,,,,,,,,,,,,
505,matching_annotaudio_Aditya_2018-08-20_0200-0300_16,0.73,0.6424,L,55.0,0.006999999999999999,0.032,30.57,0.091,0.096,,,,,,,,,,,,,
506,matching_annotaudio_Aditya_2018-08-20_0200-0300_18,0.61,0.6344,R,65.0,0.589,0.604,23.12,0.6779999999999999,0.6809999999999999,,,,,,,,,,,,,
507,matching_annotaudio_Aditya_2018-08-20_0200-0300_23,0.86,0.516,R,70.0,0.21,0.237,24.22,0.19699999999999998,0.204,,,,,,,,,,,,,
508,matching_annotaudio_Aditya_2018-08-20_0200-0300_38,0.02,0.0216,R,65.0,0.38799999999999996,0.408,29.58,0.36200000000000004,0.37,,,,,,,,,,,,,
509,matching_annotaudio_Aditya_2018-08-20_0200-0300_39,0.19,0.0988,L,65.0,0.079,0.105,28.24,0.11699999999999999,0.126,,,,,,,,,,,,,
511,matching_annotaudio_Aditya_2018-08-20_0200-0300_43,0.99,1.8612,L,60.0,0.7959999999999999,0.816,21.29,0.9079999999999999,0.914,,,,,,,,,,,,,
513,matching_annotaudio_Aditya_2018-08-20_0200-0300_54,0.44,0.9504,R,65.0,0.368,0.408,26.76,0.41700000000000004,0.425,,,,,,,,,,,,,
515,matching_annotaudio_Aditya_2018-08-20_0200-0300_61,0.12,0.0864,L,45.0,0.08199999999999999,0.11,26.65,0.068,0.075,,,,,,,,,,,,,
517,matching_annotaudio_Aditya_2018-08-20_0200-0300_64,0.54,0.8856,L,55.0,0.696,0.716,21.39,0.687,0.6940000000000001,,,,,,,,,,,,,
518,matching_annotaudio_Aditya_2018-08-20_0200-0300_66,0.65,1.742,R,80.0,2.612,2.641,32.18,2.199,2.21,,,,,,,,,,,,,
520,matching_annotaudio_Aditya_2018-08-20_0200-0300_71,0.32,0.2816,R,55.0,0.035,0.059000000000000004,24.25,0.259,0.272,,,,,,,,,,,,,
521,matching_annotaudio_Aditya_2018-08-20_0200-0300_72,0.49,0.4508,L,60.0,0.46799999999999997,0.502,26.71,0.6409999999999999,0.653,Not sure if there is a little interference.,,,,,,,,,,,,
522,matching_annotaudio_Aditya_2018-08-20_0200-0300_73,0.23,0.4048,R,55.0,0.027999999999999997,0.048,21.07,0.081,0.09300000000000001,,,,,,,,,,,,,
523,matching_annotaudio_Aditya_2018-08-20_0200-0300_76,0.46,1.0488,R,70.0,0.354,0.379,23.02,0.387,0.395,,,,,,,,,,,,,
524,matching_annotaudio_Aditya_2018-08-20_0200-0300_78,0.51,0.612,L,75.0,0.247,0.273,25.11,0.019,0.025,,,,,,,,,,,,,
525,matching_annotaudio_Aditya_2018-08-20_0200-0300_79,0.56,0.22399999999999998,R,50.0,0.22699999999999998,0.248,20.34,0.196,0.20199999999999999,,,,,,,,,,,,,
526,matching_annotaudio_Aditya_2018-08-20_0200-0300_80,0.6,0.8640000000000001,L,45.0,0.13,0.156,28.71,0.222,0.225,,,,,,,,,,,,,
527,matching_annotaudio_Aditya_2018-08-20_0200-0300_88,0.7,0.44799999999999995,L,40.0,0.012,0.038,27.76,0.006,0.01,,,,,,,,,,,,,
528,matching_annotaudio_Aditya_2018-08-20_0200-0300_90,0.02,0.0184,L,60.0,0.028999999999999998,0.05,20.09,0.022000000000000002,0.027000000000000003,,,,,,,,,,,,,
529,matching_annotaudio_Aditya_2018-08-20_0200-0300_92,0.53,3.6464,R,55.0,1.974,1.9880000000000002,27.66,1.992,1.995,,,,,,,,,,,,,
530,matching_annotaudio_Aditya_2018-08-19_0120-0200_1,0.52,0.52,L,60.0,0.387,0.415,24.06,0.428,0.435,,,,,,,,,,,,,
531,matching_annotaudio_Aditya_2018-08-19_0120-0200_8,0.86,4.816,L,80.0,4.526,4.561,40.51,4.51,4.52,,,,,,,,,,,,,
532,matching_annotaudio_Aditya_2018-08-19_0120-0200_13,0.5,0.6,R,70.0,0.18100000000000002,0.225,32.77,0.168,0.174,,,,,,,,,,,,,
533,matching_annotaudio_Aditya_2018-08-19_0120-0200_14,0.32,1.3568,L,60.0,3.281,3.325,28.59,3.2680000000000002,3.2769999999999997,,,,,,,,,,,,,
535,matching_annotaudio_Aditya_2018-08-19_0120-0200_19,0.09,0.6624,R,65.0,0.6970000000000001,0.7190000000000001,29.56,0.687,0.695,,,,,,,,,,,,,
536,matching_annotaudio_Aditya_2018-08-19_0120-0200_20,0.1,0.444,R,65.0,0.445,0.479,34.79,0.52,0.5429999999999999,,,,,,,,,,,,,
537,matching_annotaudio_Aditya_2018-08-19_0120-0200_21,0.72,0.4608,L,80.0,0.39,0.44,38.66,0.457,0.475,,,,,,,,,,,,,
538,matching_annotaudio_Aditya_2018-08-19_0120-0200_22,0.46,2.5392,R,80.0,5.045,5.102,38.97,5.029,5.038,,,,,,,,,,,,,
539,matching_annotaudio_Aditya_2018-08-19_0120-0200_23,0.27,0.648,R,80.0,2.116,2.164,22.42,2.174,2.189,,,,,,,,,,,,,
540,matching_annotaudio_Aditya_2018-08-19_0120-0200_24,0.47,1.8048,L,60.0,0.066,0.11800000000000001,27.27,0.157,0.168,,,,,,,,,,,,,
542,matching_annotaudio_Aditya_2018-08-19_0120-0200_59,0.75,0.45,L,70.0,0.413,0.43200000000000005,28.24,0.44799999999999995,0.457,,,,,,,,,,,,,
543,matching_annotaudio_Aditya_2018-08-19_0120-0200_60,0.6,1.536,L,70.0,0.7490000000000001,0.7879999999999999,25.95,0.807,0.8140000000000001,,,,,,,,,,,,,
545,matching_annotaudio_Aditya_2018-08-19_0120-0200_63,0.75,0.54,R,80.0,0.23399999999999999,0.254,34.21,0.21600000000000003,0.23199999999999998,,,,,,,,,,,,,
546,matching_annotaudio_Aditya_2018-08-19_0120-0200_64,0.75,0.78,L,60.0,0.381,0.401,31.49,0.374,0.379,,,,,,,,,,,,,
547,matching_annotaudio_Aditya_2018-08-19_0120-0200_65,0.08,0.0736,R,60.0,0.22,0.239,27.86,0.207,0.215,,,,,,,,,,,,,
548,matching_annotaudio_Aditya_2018-08-19_0120-0200_66,0.45,0.198,L,55.0,0.196,0.214,28.83,0.177,0.19,There are faint echoes during the call,,,,,,,,,,,,
551,matching_annotaudio_Aditya_2018-08-19_0120-0200_72,0.86,1.3072,L,45.0,0.446,0.46799999999999997,26.42,0.48100000000000004,0.488,,,,,,,,,,,,,
552,matching_annotaudio_Aditya_2018-08-19_0120-0200_73,0.73,2.6572,L,60.0,2.6010000000000004,2.6460000000000004,25.83,2.593,2.5989999999999998,,,,,,,,,,,,,
553,matching_annotaudio_Aditya_2018-08-19_0120-0200_74,0.21,0.4368,L,70.0,0.284,0.307,38.74,0.325,0.33299999999999996,,,,,,,,,,,,,
557,matching_annotaudio_Aditya_2018-08-19_0120-0200_79,0.2,0.336,R,55.0,0.5529999999999999,0.57,33.01,0.608,0.615,,,,,,,,,,,,,
561,matching_annotaudio_Aditya_2018-08-19_0120-0200_83,0.72,2.3040000000000003,R,50.0,0.524,0.545,39.01,0.58,0.593,,,,,,,,,,,,,
567,matching_annotaudio_Aditya_2018-08-19_0120-0200_90,0.89,0.1424,R,50.0,0.086,0.106,33.34,0.213,0.233,There are faint echoes during the call. Silent interval taken from 0120-2000_63,,,,,,,,,,,,
568,matching_annotaudio_Aditya_2018-08-19_0120-0200_93,0.52,0.6032,R,70.0,0.419,0.43700000000000006,24.64,0.45299999999999996,0.461,,,,,,,,,,,,,
569,matching_annotaudio_Aditya_2018-08-19_0120-0200_94,0.37,0.4736,R,40.0,0.48700000000000004,0.51,22.4,0.5429999999999999,0.5489999999999999,,,,,,,,,,,,,
571,matching_annotaudio_Aditya_2018-08-19_0120-0200_96,0.11,0.2112,R,60.0,0.242,0.26,42.42,0.275,0.282,,,,,,,,,,,,,
572,matching_annotaudio_Aditya_2018-08-19_0120-0200_101,0.21,0.2352,R,70.0,0.254,0.281,39.29,0.325,0.32899999999999996,,,,,,,,,,,,,
573,matching_annotaudio_Aditya_2018-08-19_0120-0200_105,0.37,0.6068,R,50.0,0.42700000000000005,0.46,22.38,0.415,0.425,Not sure if there is a slight interference. ,,,,,,,,,,,,
574,matching_annotaudio_Aditya_2018-08-19_0120-0200_106,0.05,0.10400000000000001,L,65.0,1.692,1.714,20.98,1.626,1.6380000000000001,,,,,,,,,,,,,
575,matching_annotaudio_Aditya_2018-08-19_0120-0200_107,0.86,0.7224,R,50.0,0.35700000000000004,0.37799999999999995,24.62,0.35200000000000004,0.35600000000000004,,,,,,,,,,,,,
576,matching_annotaudio_Aditya_2018-08-19_0120-0200_109,0.31,0.5084,R,55.0,0.524,0.57,26.91,0.581,0.5870000000000001,,,,,,,,,,,,,
577,matching_annotaudio_Aditya_2018-08-19_0120-0200_110,0.67,0.7772,R,80.0,0.36700000000000005,0.39799999999999996,26.46,0.423,0.44,,,,,,,,,,,,,
579,matching_annotaudio_Aditya_2018-08-19_0120-0200_112,0.32,0.3584,L,65.0,0.469,0.496,29.85,0.439,0.447,,,,,,,,,,,,,
580,matching_annotaudio_Aditya_2018-08-19_0120-0200_113,0.54,0.4104,R,45.0,0.318,0.33299999999999996,26.95,0.348,0.35600000000000004,There are strong echoes after the call,,,,,,,,,,,,
581,matching_annotaudio_Aditya_2018-08-19_0120-0200_117,0.8,3.072,R,60.0,60.0,3.53,3.553,28.78,3.5189999999999997,3.524,,,,,,,,,,,,
583,matching_annotaudio_Aditya_2018-08-19_0120-0200_119,0.27,0.2916,R,70.0,0.331,0.35100000000000003,30.07,0.314,0.32299999999999995,,,,,,,,,,,,,
584,matching_annotaudio_Aditya_2018-08-19_0120-0200_120,0.11,0.044000000000000004,R,50.0,0.11900000000000001,0.138,28.71,0.14800000000000002,0.158,Echoes during the upward sweep.,,,,,,,,,,,,
586,matching_annotaudio_Aditya_2018-08-19_0120-0200_124,0.37,0.5476,L,45.0,0.484,0.503,29.74,0.47,0.478,,,,,,,,,,,,,
587,matching_annotaudio_Aditya_2018-08-19_0120-0200_127,0.44,0.44,R,60.0,0.027999999999999997,0.049,35.54,0.013000000000000001,0.025,,,,,,,,,,,,,
589,matching_annotaudio_Aditya_2018-08-17_01_2,0.58,0.1392,L,60.0,0.35,0.55,25.79,0.061,0.065,The amplitude reduces towards the end of the CF and the terminal FM. Not sure if it occurs because of some interference,,,,,,,,,,,,
591,matching_annotaudio_Aditya_2018-08-17_01_4,0.79,1.2324,R,50.0,1.2570000000000001,1.276,23.12,1.246,1.253,,,,,,,,,,,,,
595,matching_annotaudio_Aditya_2018-08-17_01_10,0.98,1.0976,R,70.0,0.9390000000000001,0.958,27.34,0.922,0.938,,,,,,,,,,,,,
596,matching_annotaudio_Aditya_2018-08-17_01_11,0.34,0.3944,R,70.0,0.038,0.059000000000000004,32.06,0.07200000000000001,0.079,,,,,,,,,,,,,
597,matching_annotaudio_Aditya_2018-08-17_01_13,0.9,0.46799999999999997,L,70.0,0.133,0.151,31.05,0.124,0.132,,,,,,,,,,,,,
599,matching_annotaudio_Aditya_2018-08-17_01_15,0.89,0.8188,L,55.0,0.371,0.39,29.37,0.361,0.368,,,,,,,,,,,,,
601,matching_annotaudio_Aditya_2018-08-17_01_21,0.71,0.8236,R,70.0,0.087,0.111,31.56,0.065,0.068,,,,,,,,,,,,,
602,matching_annotaudio_Aditya_2018-08-17_01_22,0.37,0.888,L,70.0,0.17300000000000001,0.19,31.3,0.222,0.23199999999999998,,,,,,,,,,,,,
603,matching_annotaudio_Aditya_2018-08-17_01_24,0.85,0.544,L,80.0,0.39299999999999996,0.45,22.91,0.18899999999999997,0.195,,,,,,,,,,,,,
604,matching_annotaudio_Aditya_2018-08-17_01_26,0.93,0.5952,R,50.0,0.033,0.048,21.65,0.147,0.157,,,,,,,,,,,,,
605,matching_annotaudio_Aditya_2018-08-17_01_28,0.55,0.55,R,60.0,0.21600000000000003,0.23,22.34,0.135,0.156,Not a very clear call.There are echoes after the call.Silent interval taken from 01_26,,,,,,,,,,,,
606,matching_annotaudio_Aditya_2018-08-17_01_29,0.62,0.248,L,50.0,0.166,0.201,24.56,0.281,0.28300000000000003,There are faint echoes throught out the call. Not a very clear call,,,,,,,,,,,,
610,matching_annotaudio_Aditya_2018-08-17_01_33,0.41,0.3936,R,55.0,0.391,0.41,27.65,0.384,0.39,,,,,,,,,,,,,
611,matching_annotaudio_Aditya_2018-08-17_01_34,0.41,0.08199999999999999,L,50.0,0.08900000000000001,0.11,26.69,0.136,0.142,There are echoe after the call,,,,,,,,,,,,
612,matching_annotaudio_Aditya_2018-08-17_01_35,0.45,0.18,L,50.0,0.235,0.252,21.8,0.217,0.22699999999999998,,,,,,,,,,,,,
613,matching_annotaudio_Aditya_2018-08-17_01_36,0.4,0.784,R,60.0,1.212,1.2309999999999999,24.88,1.194,1.209,,,,,,,,,,,,,
614,matching_annotaudio_Aditya_2018-08-17_01_37,0.91,0.5824,L,40.0,0.005,0.022000000000000002,29.46,0.001,0.005,,,,,,,,,,,,,
615,matching_annotaudio_Aditya_2018-08-17_01_39,0.84,0.336,R,50.0,0.04,0.059000000000000004,36.8,0.242,0.249,There are faint echoes throught out the call.,,,,,,,,,,,,
616,matching_annotaudio_Aditya_2018-08-17_01_40,0.97,0.6596,L,50.0,0.183,0.20199999999999999,23.42,0.17600000000000002,0.179,,,,,,,,,,,,,
617,matching_annotaudio_Aditya_2018-08-17_01_43,0.05,0.038,L,50.0,0.723,0.7290000000000001,33.9,0.127,0.133,,,,,,,,,,,,,
618,matching_annotaudio_Aditya_2018-08-17_01_44,0.86,1.3072,L,50.0,0.365,0.385,24.17,0.214,0.223,,,,,,,,,,,,,
619,matching_annotaudio_Aditya_2018-08-17_01_45,0.71,1.1928,R,50.0,1.111,1.151,37.57,0.8859999999999999,0.8909999999999999,,,,,,,,,,,,,
620,matching_annotaudio_Aditya_2018-08-17_01_46,0.39,0.23399999999999999,L,70.0,0.506,0.534,31.7,0.494,0.502,,,,,,,,,,,,,
621,matching_annotaudio_Aditya_2018-08-17_01_47,0.78,1.0608,L,45.0,0.903,0.92,40.5,0.995,0.9990000000000001,,,,,,,,,,,,,
622,matching_annotaudio_Aditya_2018-08-17_01_49,0.64,0.4608,L,45.0,0.068,0.085,20.0,0.027999999999999997,0.04,,,,,,,,,,,,,
624,matching_annotaudio_Aditya_2018-08-17_01_58,0.49,0.9996,R,60.0,1.095,1.14,32.82,1.151,1.165,,,,,,,,,,,,,
625,matching_annotaudio_Aditya_2018-08-17_01_60,0.37,0.222,R,70.0,0.027999999999999997,0.049,29.31,0.094,0.10099999999999999,Not exactly sure where the call starts.,,,,,,,,,,,,
628,matching_annotaudio_Aditya_2018-08-17_01_65,0.54,0.7992,L,45.0,0.28600000000000003,0.305,20.02,0.23800000000000002,0.24600000000000002,,,,,,,,,,,,,
630,matching_annotaudio_Aditya_2018-08-17_01_75,0.94,0.7144,R,50.0,0.204,0.22,31.43,0.5379999999999999,0.544,Not exactly sure where the call starts.,,,,,,,,,,,,
631,matching_annotaudio_Aditya_2018-08-17_01_76,0.92,2.3184,L,75.0,2.086,2.1109999999999998,22.63,2.06,2.076,,,,,,,,,,,,,
633,matching_annotaudio_Aditya_2018-08-17_01_78,0.48,0.2496,R,65.0,0.147,0.161,23.45,0.309,0.311,,,,,,,,,,,,,
634,matching_annotaudio_Aditya_2018-08-17_01_79,0.7,2.66,L,60.0,2.4330000000000003,2.448,22.19,2.639,2.653,,,,,,,,,,,,,
635,matching_annotaudio_Aditya_2018-08-17_01_80,0.14,0.3472,L,70.0,0.249,0.27,25.94,0.22699999999999998,0.244,,,,,,,,,,,,,
636,matching_annotaudio_Aditya_2018-08-17_01_81,0.75,0.63,L,45.0,0.431,0.449,28.13,0.46299999999999997,0.474,,,,,,,,,,,,,
637,matching_annotaudio_Aditya_2018-08-17_01_82,0.44,0.4576,R,65.0,0.649,0.679,35.53,0.63,0.643,,,,,,,,,,,,,
638,matching_annotaudio_Aditya_2018-08-17_01_83,0.02,0.0096,R,45.0,0.136,0.157,45.28,0.114,0.125,,,,,,,,,,,,,
639,matching_annotaudio_Aditya_2018-08-17_01_84,0.89,1.3528,R,50.0,1.344,1.375,20.41,1.334,1.341,,,,,,,,,,,,,
640,matching_annotaudio_Aditya_2018-08-16_21502300_9,0.67,0.1876,L,70.0,0.031,0.054000000000000006,31.9,0.428,0.47100000000000003,Silent interval taken from 'matching_annotaudio_Aditya_2018-08-16_21502300_5',,,,,,,,,,,,
642,matching_annotaudio_Aditya_2018-08-16_21502300_18,0.13,0.1352,L,65.0,0.11800000000000001,0.14300000000000002,30.9,0.154,0.159,There are strong echoes after the call.,,,,,,,,,,,,
643,matching_annotaudio_Aditya_2018-08-16_21502300_19,0.06,0.0984,R,65.0,0.7559999999999999,0.797,38.81,0.746,0.752,There is a faint signal at around 75kHz.,,,,,,,,,,,,
644,matching_annotaudio_Aditya_2018-08-16_21502300_20,0.54,1.6632,L,50.0,1.768,1.7890000000000001,21.4,1.805,1.814,,,,,,,,,,,,,
645,matching_annotaudio_Aditya_2018-08-16_21502300_22,0.59,1.7228,L,90.0,0.29600000000000004,0.36,41.2,0.38799999999999996,0.39799999999999996,,,,,,,,,,,,,
646,matching_annotaudio_Aditya_2018-08-16_21502300_24,0.34,0.2584,L,45.0,0.036000000000000004,0.06,29.5,0.026000000000000002,0.033,There are very faint echoes along the call.,,,,,,,,,,,,
647,matching_annotaudio_Aditya_2018-08-16_21502300_25,0.93,0.9672,R,60.0,0.91,0.935,23.72,0.888,0.903,,,,,,,,,,,,,
648,matching_annotaudio_Aditya_2018-08-16_21502300_26,0.59,0.6136,R,60.0,0.6629999999999999,0.682,29.35,0.648,0.657,,,,,,,,,,,,,
649,matching_annotaudio_Aditya_2018-08-16_21502300_28,0.12,0.4128,L,55.0,0.8190000000000001,0.847,22.09,0.865,0.878,,,,,,,,,,,,,
650,matching_annotaudio_Aditya_2018-08-16_21502300_30,0.24,0.2016,L,65.0,0.239,0.258,26.94,0.228,0.23800000000000002,,,,,,,,,,,,,
651,matching_annotaudio_Aditya_2018-08-16_21502300_32,0.25,0.92,L,55.0,0.763,0.818,33.68,0.743,0.7559999999999999,,,,,,,,,,,,,
652,matching_annotaudio_Aditya_2018-08-16_21502300_33,0.65,1.742,L,45.0,0.0,0.03,31.88,0.067,0.077,,,,,,,,,,,,,
654,matching_annotaudio_Aditya_2018-08-16_21502300_35,0.89,1.9580000000000002,L,60.0,0.429,0.462,26.08,0.474,0.48200000000000004,Not sure whether there is interference in the call.,,,,,,,,,,,,
655,matching_annotaudio_Aditya_2018-08-16_21502300_36,0.59,4.3188,R,50.0,0.111,0.133,29.45,1.094,1.102,There are faint calls of the other bat.,,,,,,,,,,,,
656,matching_annotaudio_Aditya_2018-08-16_21502300_39,0.07,0.2408,L,55.0,1.7990000000000002,1.8159999999999998,25.7,1.9909999999999999,2.0,,,,,,,,,,,,,
657,matching_annotaudio_Aditya_2018-08-16_21502300_40,0.28,1.2208,R,45.0,2.7910000000000004,2.812,22.58,3.1689999999999996,3.174,,,,,,,,,,,,,
658,matching_annotaudio_Aditya_2018-08-16_21502300_41,0.75,0.54,R,90.0,0.465,0.514,39.94,0.546,0.555,,,,,,,,,,,,,
659,matching_annotaudio_Aditya_2018-08-16_21502300_43,0.95,1.444,L,45.0,0.258,0.272,20.74,0.254,0.257,,,,,,,,,,,,,
660,matching_annotaudio_Aditya_2018-08-16_21502300_44,0.78,1.2168,L,50.0,1.4480000000000002,1.5,38.8,1.4340000000000002,1.443,,,,,,,,,,,,,
661,matching_annotaudio_Aditya_2018-08-16_21502300_45,0.03,0.0696,R,70.0,0.995,1.042,27.75,0.985,0.992,,,,,,,,,,,,,
662,matching_annotaudio_Aditya_2018-08-16_21502300_46,0.92,1.5824,L,55.0,1.426,1.476,40.71,1.405,1.409,,,,,,,,,,,,,
663,matching_annotaudio_Aditya_2018-08-16_21502300_47,0.66,7.5768,L,45.0,6.516,6.537000000000001,29.36,6.572,6.577000000000001,,,,,,,,,,,,,
667,matching_annotaudio_Aditya_2018-08-16_21502300_62,0.79,3.002,L,55.0,2.892,2.9139999999999997,28.55,2.928,2.9389999999999996,,,,,,,,,,,,,
670,matching_annotaudio_Aditya_2018-08-16_21502300_70,0.74,1.8056,L,70.0,0.40399999999999997,0.45399999999999996,23.13,0.389,0.4,,,,,,,,,,,,,
671,matching_annotaudio_Aditya_2018-08-16_21502300_73,0.26,0.6344,L,70.0,0.315,0.337,30.07,0.353,0.361,,,,,,,,,,,,,
672,matching_annotaudio_Aditya_2018-08-16_21502300_74,0.37,2.7528,L,55.0,0.261,0.311,34.23,0.331,0.341,There are very faint myotis in the middle of the recording.,,,,,,,,,,,,
674,matching_annotaudio_Aditya_2018-08-16_21502300_98,0.6,1.7519999999999998,L,45.0,0.315,0.335,30.8,0.298,0.308,,,,,,,,,,,,,
675,matching_annotaudio_Aditya_2018-08-16_21502300_99,0.86,0.86,R,60.0,0.13,0.149,35.89,0.263,0.265,,,,,,,,,,,,,
676,matching_annotaudio_Aditya_2018-08-16_21502300_100,0.78,0.78,L,65.0,0.37799999999999995,0.4,42.0,0.368,0.376,,,,,,,,,,,,,
677,matching_annotaudio_Aditya_2018-08-16_21502300_101,0.33,0.3432,R,65.0,0.295,0.318,33.97,0.34299999999999997,0.348,,,,,,,,,,,,,
678,matching_annotaudio_Aditya_2018-08-16_21502300_102,0.64,0.2304,R,45.0,0.24,0.26,24.88,0.309,0.317,,,,,,,,,,,,,
679,matching_annotaudio_Aditya_2018-08-16_21502300_104,0.36,0.3168,R,55.0,0.364,0.385,46.08,0.348,0.36200000000000004,,,,,,,,,,,,,
681,matching_annotaudio_Aditya_2018-08-16_21502300_106,0.66,0.4752,L,45.0,0.11800000000000001,0.13699999999999998,28.22,0.107,0.114,,,,,,,,,,,,,
682,matching_annotaudio_Aditya_2018-08-16_21502300_108,0.32,0.2432,L,50.0,0.628,0.6459999999999999,26.91,0.457,0.462,,,,,,,,,,,,,
684,matching_annotaudio_Aditya_2018-08-16_21502300_110,0.17,0.1292,L,50.0,0.09300000000000001,0.114,30.33,0.242,0.248,,,,,,,,,,,,,
685,matching_annotaudio_Aditya_2018-08-16_21502300_111,0.35,0.91,L,80.0,0.09699999999999999,0.115,28.84,0.083,0.09300000000000001,,,,,,,,,,,,,
